rank,beam_id,generated_text,full_text,generated_token_ids,generated_tokens,token_log_probabilities,num_generated_tokens,total_log_probability,sequence_probability,average_token_log_probability,average_token_probability,finished
1,991,"
Okay, the user wants a funny story about a teddy bear in about 100 tokens. Let me start by understanding the requirements. They specified ""about 100 tokens,"" which is roughly 70-80 words, maybe a bit more. So I need to keep it concise.

First, the main character is a teddy bear. To make it funny, maybe the teddy bear has some quirky behavior or gets into humorous situations. Since it's a story,","Write a funny story about a teddy bear in about 100 tokens.
Okay, the user wants a funny story about a teddy bear in about 100 tokens. Let me start by understanding the requirements. They specified ""about 100 tokens,"" which is roughly 70-80 words, maybe a bit more. So I need to keep it concise.

First, the main character is a teddy bear. To make it funny, maybe the teddy bear has some quirky behavior or gets into humorous situations. Since it's a story,",107 19058 236764 506 2430 8150 496 12274 3925 1003 496 60349 10591 528 1003 236743 236770 236771 236771 21739 236761 3792 786 1502 684 6611 506 6035 236761 2195 9155 623 9869 236743 236770 236771 236771 21739 2098 837 563 20129 236743 236832 236771 236772 236828 236771 4171 236764 7463 496 3103 919 236761 1593 564 1202 531 2514 625 63510 236761 108 7280 236764 506 1689 2872 563 496 60349 10591 236761 2282 1386 625 12274 236764 7463 506 60349 10591 815 1070 79409 6868 653 6757 1131 83805 12983 236761 5612 625 236789 236751 496 3925 236764,"
|Okay|,| the| user| wants| a| funny| story| about| a| teddy| bear| in| about| |1|0|0| tokens|.| Let| me| start| by| understanding| the| requirements|.| They| specified| ""|about| |1|0|0| tokens|,""| which| is| roughly| |7|0|-|8|0| words|,| maybe| a| bit| more|.| So| I| need| to| keep| it| concise|.|

|First|,| the| main| character| is| a| teddy| bear|.| To| make| it| funny|,| maybe| the| teddy| bear| has| some| quirky| behavior| or| gets| into| humorous| situations|.| Since| it|'|s| a| story|,",-0.312785 -0.273133 -0.015339 -0.615475 -0.000029 -0.020329 -0.003685 -0.000341 -0.020265 -0.001018 -0.000063 -0.000223 -0.000001 -0.230029 -0.006294 -0.000042 -0.000037 -0.000003 -0.000002 -0.000035 -0.000199 -0.025893 -0.008615 -0.068594 -0.000071 -0.083758 -0.006821 -0.502729 -0.000215 -0.696116 -0.072884 -0.607550 -0.049102 -0.000410 -0.000012 -0.000001 0.000000 -0.000013 -0.003286 -0.336666 -0.114895 -0.036612 -0.430634 -0.219885 -0.201453 -0.002420 -0.579651 -0.002477 -0.000294 -0.476951 -1.170579 -0.221593 -0.008273 -0.068978 -0.080297 -0.766165 -0.783095 -0.000007 -0.014247 -0.070137 -0.049461 -0.001033 -0.331813 -0.267576 -0.082282 -0.000020 -0.592208 -0.703846 -0.056644 -0.000289 -0.000035 -0.000009 0.000000 -0.000564 -0.505903 -0.000935 -0.000318 -0.000183 -0.000001 -0.450610 -0.642195 -0.006759 -0.000007 -0.187689 -0.059704 -0.304681 -0.535296 -0.011167 -1.009360 -0.002000 -0.760500 -0.000764 -0.000004 -1.069302 -0.090457 -0.000000 0.000000 -0.000674 -0.042459 -0.000481,100,-16.977928161621094,4.232329633902016e-08,-0.16977928161621095,0.8438510494829173,False
2,992,"
Okay, the user wants a funny story about a teddy bear in about 100 tokens. Let me start by understanding the requirements. They specified ""about 100 tokens,"" which is roughly 70-100 words. So I need to keep it concise.

First, the main character is a teddy bear. To make it funny, maybe the teddy bear has some quirky behavior or gets into humorous situations. Since it's a story, maybe a short narrative","Write a funny story about a teddy bear in about 100 tokens.
Okay, the user wants a funny story about a teddy bear in about 100 tokens. Let me start by understanding the requirements. They specified ""about 100 tokens,"" which is roughly 70-100 words. So I need to keep it concise.

First, the main character is a teddy bear. To make it funny, maybe the teddy bear has some quirky behavior or gets into humorous situations. Since it's a story, maybe a short narrative",107 19058 236764 506 2430 8150 496 12274 3925 1003 496 60349 10591 528 1003 236743 236770 236771 236771 21739 236761 3792 786 1502 684 6611 506 6035 236761 2195 9155 623 9869 236743 236770 236771 236771 21739 2098 837 563 20129 236743 236832 236771 236772 236770 236771 236771 4171 236761 1593 564 1202 531 2514 625 63510 236761 108 7280 236764 506 1689 2872 563 496 60349 10591 236761 2282 1386 625 12274 236764 7463 506 60349 10591 815 1070 79409 6868 653 6757 1131 83805 12983 236761 5612 625 236789 236751 496 3925 236764 7463 496 2822 22323,"
|Okay|,| the| user| wants| a| funny| story| about| a| teddy| bear| in| about| |1|0|0| tokens|.| Let| me| start| by| understanding| the| requirements|.| They| specified| ""|about| |1|0|0| tokens|,""| which| is| roughly| |7|0|-|1|0|0| words|.| So| I| need| to| keep| it| concise|.|

|First|,| the| main| character| is| a| teddy| bear|.| To| make| it| funny|,| maybe| the| teddy| bear| has| some| quirky| behavior| or| gets| into| humorous| situations|.| Since| it|'|s| a| story|,| maybe| a| short| narrative",-0.312785 -0.273133 -0.015339 -0.615475 -0.000029 -0.020329 -0.003685 -0.000341 -0.020265 -0.001018 -0.000063 -0.000223 -0.000001 -0.230029 -0.006294 -0.000042 -0.000037 -0.000003 -0.000002 -0.000035 -0.000199 -0.025893 -0.008615 -0.068594 -0.000071 -0.083758 -0.006821 -0.502729 -0.000215 -0.696116 -0.072884 -0.607550 -0.049102 -0.000410 -0.000012 -0.000001 0.000000 -0.000013 -0.003286 -0.336666 -0.114895 -0.036612 -0.430634 -0.219885 -0.201453 -0.002420 -0.829651 -0.133868 -0.000002 -0.000965 -0.724386 -0.852114 -0.532193 -0.000002 -0.018264 -0.081096 -0.048917 -0.001478 -0.148898 -0.713572 -0.097061 -0.000011 -0.458680 -0.580935 -0.076692 -0.000295 -0.000038 -0.000008 0.000000 -0.000964 -0.527314 -0.000900 -0.000433 -0.000305 -0.000001 -0.236811 -0.671338 -0.005257 -0.000010 -0.182447 -0.060866 -0.251263 -0.527012 -0.014261 -1.362759 -0.002495 -0.755433 -0.000559 -0.000008 -1.121591 -0.104981 -0.000000 0.000000 -0.000840 -0.053909 -0.000676 -0.380399 -0.167355 -0.354092 -0.060759,100,-17.112119674682617,3.700844619980835e-08,-0.17112119674682616,0.8427194324284664,False
3,993,"
Okay, the user wants a funny story about a teddy bear in about 100 tokens. Let me start by understanding the requirements. They specified ""about 100 tokens,"" which is roughly 70-80 words, maybe a bit more. So I need to keep it concise.

First, the main character is a teddy bear. To make it funny, maybe the teddy bear has some quirky behavior or gets into funny situations. Since it's a story,","Write a funny story about a teddy bear in about 100 tokens.
Okay, the user wants a funny story about a teddy bear in about 100 tokens. Let me start by understanding the requirements. They specified ""about 100 tokens,"" which is roughly 70-80 words, maybe a bit more. So I need to keep it concise.

First, the main character is a teddy bear. To make it funny, maybe the teddy bear has some quirky behavior or gets into funny situations. Since it's a story,",107 19058 236764 506 2430 8150 496 12274 3925 1003 496 60349 10591 528 1003 236743 236770 236771 236771 21739 236761 3792 786 1502 684 6611 506 6035 236761 2195 9155 623 9869 236743 236770 236771 236771 21739 2098 837 563 20129 236743 236832 236771 236772 236828 236771 4171 236764 7463 496 3103 919 236761 1593 564 1202 531 2514 625 63510 236761 108 7280 236764 506 1689 2872 563 496 60349 10591 236761 2282 1386 625 12274 236764 7463 506 60349 10591 815 1070 79409 6868 653 6757 1131 12274 12983 236761 5612 625 236789 236751 496 3925 236764,"
|Okay|,| the| user| wants| a| funny| story| about| a| teddy| bear| in| about| |1|0|0| tokens|.| Let| me| start| by| understanding| the| requirements|.| They| specified| ""|about| |1|0|0| tokens|,""| which| is| roughly| |7|0|-|8|0| words|,| maybe| a| bit| more|.| So| I| need| to| keep| it| concise|.|

|First|,| the| main| character| is| a| teddy| bear|.| To| make| it| funny|,| maybe| the| teddy| bear| has| some| quirky| behavior| or| gets| into| funny| situations|.| Since| it|'|s| a| story|,",-0.312785 -0.273133 -0.015339 -0.615475 -0.000029 -0.020329 -0.003685 -0.000341 -0.020265 -0.001018 -0.000063 -0.000223 -0.000001 -0.230029 -0.006294 -0.000042 -0.000037 -0.000003 -0.000002 -0.000035 -0.000199 -0.025893 -0.008615 -0.068594 -0.000071 -0.083758 -0.006821 -0.502729 -0.000215 -0.696116 -0.072884 -0.607550 -0.049102 -0.000410 -0.000012 -0.000001 0.000000 -0.000013 -0.003286 -0.336666 -0.114895 -0.036612 -0.430634 -0.219885 -0.201453 -0.002420 -0.579651 -0.002477 -0.000294 -0.476951 -1.170579 -0.221593 -0.008273 -0.068978 -0.080297 -0.766165 -0.783095 -0.000007 -0.014247 -0.070137 -0.049461 -0.001033 -0.331813 -0.267576 -0.082282 -0.000020 -0.592208 -0.703846 -0.056644 -0.000289 -0.000035 -0.000009 0.000000 -0.000564 -0.505903 -0.000935 -0.000318 -0.000183 -0.000001 -0.450610 -0.642195 -0.006759 -0.000007 -0.187689 -0.059704 -0.304681 -0.535296 -0.011167 -1.009360 -0.002000 -1.260500 -0.002557 -0.000007 -0.992491 -0.080685 -0.000000 0.000000 -0.000564 -0.026462 -0.000361,100,-17.376916885375977,2.839885852479314e-08,-0.17376916885375976,0.8404908867430001,False
4,994,"
Okay, the user wants a funny story about a teddy bear in about 100 tokens. Let me start by understanding the requirements. They specified ""about 100 tokens,"" which is roughly 70-80 words, maybe a bit more. So I need to keep it concise.

First, the main character is a teddy bear. To make it funny, maybe the teddy bear has some quirky traits or gets into humorous situations. Since it's a story,","Write a funny story about a teddy bear in about 100 tokens.
Okay, the user wants a funny story about a teddy bear in about 100 tokens. Let me start by understanding the requirements. They specified ""about 100 tokens,"" which is roughly 70-80 words, maybe a bit more. So I need to keep it concise.

First, the main character is a teddy bear. To make it funny, maybe the teddy bear has some quirky traits or gets into humorous situations. Since it's a story,",107 19058 236764 506 2430 8150 496 12274 3925 1003 496 60349 10591 528 1003 236743 236770 236771 236771 21739 236761 3792 786 1502 684 6611 506 6035 236761 2195 9155 623 9869 236743 236770 236771 236771 21739 2098 837 563 20129 236743 236832 236771 236772 236828 236771 4171 236764 7463 496 3103 919 236761 1593 564 1202 531 2514 625 63510 236761 108 7280 236764 506 1689 2872 563 496 60349 10591 236761 2282 1386 625 12274 236764 7463 506 60349 10591 815 1070 79409 26765 653 6757 1131 83805 12983 236761 5612 625 236789 236751 496 3925 236764,"
|Okay|,| the| user| wants| a| funny| story| about| a| teddy| bear| in| about| |1|0|0| tokens|.| Let| me| start| by| understanding| the| requirements|.| They| specified| ""|about| |1|0|0| tokens|,""| which| is| roughly| |7|0|-|8|0| words|,| maybe| a| bit| more|.| So| I| need| to| keep| it| concise|.|

|First|,| the| main| character| is| a| teddy| bear|.| To| make| it| funny|,| maybe| the| teddy| bear| has| some| quirky| traits| or| gets| into| humorous| situations|.| Since| it|'|s| a| story|,",-0.312785 -0.273133 -0.015339 -0.615475 -0.000029 -0.020329 -0.003685 -0.000341 -0.020265 -0.001018 -0.000063 -0.000223 -0.000001 -0.230029 -0.006294 -0.000042 -0.000037 -0.000003 -0.000002 -0.000035 -0.000199 -0.025893 -0.008615 -0.068594 -0.000071 -0.083758 -0.006821 -0.502729 -0.000215 -0.696116 -0.072884 -0.607550 -0.049102 -0.000410 -0.000012 -0.000001 0.000000 -0.000013 -0.003286 -0.336666 -0.114895 -0.036612 -0.430634 -0.219885 -0.201453 -0.002420 -0.579651 -0.002477 -0.000294 -0.476951 -1.170579 -0.221593 -0.008273 -0.068978 -0.080297 -0.766165 -0.783095 -0.000007 -0.014247 -0.070137 -0.049461 -0.001033 -0.331813 -0.267576 -0.082282 -0.000020 -0.592208 -0.703846 -0.056644 -0.000289 -0.000035 -0.000009 0.000000 -0.000564 -0.505903 -0.000935 -0.000318 -0.000183 -0.000001 -0.450610 -0.642195 -0.006759 -0.000007 -0.187689 -0.059704 -0.304681 -1.285295 -0.029972 -0.836869 -0.000294 -0.591077 -0.000798 -0.000003 -1.127279 -0.102550 -0.000000 0.000000 -0.000615 -0.032798 -0.000433,100,-17.463451385498047,2.6044704137023217e-08,-0.17463451385498047,0.8397638867538548,False
